{
  "hash": "86ef48b8",
  "configHash": "51613e35",
  "lockfileHash": "8c452cde",
  "browserHash": "284723f7",
  "optimized": {
    "@angular/core": {
      "src": "../../../../../node_modules/@angular/core/fesm2022/core.mjs",
      "file": "@angular_core.js",
      "fileHash": "1b5c2e69",
      "needsInterop": false
    },
    "@angular/platform-browser": {
      "src": "../../../../../node_modules/@angular/platform-browser/fesm2022/platform-browser.mjs",
      "file": "@angular_platform-browser.js",
      "fileHash": "e398ae9f",
      "needsInterop": false
    },
    "@angular/platform-browser/animations/async": {
      "src": "../../../../../node_modules/@angular/platform-browser/fesm2022/animations/async.mjs",
      "file": "@angular_platform-browser_animations_async.js",
      "fileHash": "0107c5e3",
      "needsInterop": false
    },
    "@angular/router": {
      "src": "../../../../../node_modules/@angular/router/fesm2022/router.mjs",
      "file": "@angular_router.js",
      "fileHash": "f831b721",
      "needsInterop": false
    },
    "@angular/material/button": {
      "src": "../../../../../node_modules/@angular/material/fesm2022/button.mjs",
      "file": "@angular_material_button.js",
      "fileHash": "de61976c",
      "needsInterop": false
    },
    "@angular/material/card": {
      "src": "../../../../../node_modules/@angular/material/fesm2022/card.mjs",
      "file": "@angular_material_card.js",
      "fileHash": "84f73006",
      "needsInterop": false
    }
  },
  "chunks": {
    "chunk-L7TPX3IR": {
      "file": "chunk-L7TPX3IR.js"
    },
    "chunk-YGA5AGBM": {
      "file": "chunk-YGA5AGBM.js"
    },
    "browser-TGMJ2V3X": {
      "file": "browser-TGMJ2V3X.js"
    },
    "chunk-CGIRVEXA": {
      "file": "chunk-CGIRVEXA.js"
    },
    "chunk-UGREICQO": {
      "file": "chunk-UGREICQO.js"
    }
  }
}